<?xml version="1.0" encoding="utf-8"?>
<rss version="2.0">
	<channel>
		<title>lilymaniac Guide Feed</title>
		<lastBuildDate>Mon, 22 May 2017 22:00:15 +0000</lastBuildDate>
		<link>https://github.com/lilymaniac/Guide/</link>
		<item>
			<title>1.0.0_qr.png</title>
			<description>1.0.0_qr.png</description>
			<guid>9EEABFD544483545A3B29BF8ED4DBE1544F6F6D4</guid>
			<link>magnet:?xt=urn:btih:9EEABFD544483545A3B29BF8ED4DBE1544F6F6D4</link>
			<pubDate>Tue, 26 Jul 2016 04:00:06 +0000</pubDate>
			<enclosure url="magnet:?xt=urn:btih:9EEABFD544483545A3B29BF8ED4DBE1544F6F6D4" type="application/x-bittorent" />
		</item>
		<item>
			<title>1.1.0_qr.png</title>
			<description>1.1.0_qr.png</description>
			<guid>7D2707AE938991140E94502A4C9880579E7FAA7C</guid>
			<link>magnet:?xt=urn:btih:7D2707AE938991140E94502A4C9880579E7FAA7C</link>
			<pubDate>Tue, 26 Jul 2016 04:00:09 +0000</pubDate>
			<enclosure url="magnet:?xt=urn:btih:7D2707AE938991140E94502A4C9880579E7FAA7C" type="application/x-bittorent" />
		</item>
		<item>
			<title>2.1.0_qr.png</title>
			<description>2.1.0_qr.png</description>
			<guid>8D96457DC182160A5F7F5E9B2FB51705F7C8985F</guid>
			<link>magnet:?xt=urn:btih:8D96457DC182160A5F7F5E9B2FB51705F7C8985F</link>
			<pubDate>Tue, 26 Jul 2016 04:00:12 +0000</pubDate>
			<enclosure url="magnet:?xt=urn:btih:8D96457DC182160A5F7F5E9B2FB51705F7C8985F" type="application/x-bittorent" />
		</item>
		<item>
			<title>2.2.0_qr.png</title>
			<description>2.2.0_qr.png</description>
			<guid>183B327D0FC74DE8545115E20CB90BDE121E5FDF</guid>
			<link>magnet:?xt=urn:btih:183B327D0FC74DE8545115E20CB90BDE121E5FDF</link>
			<pubDate>Tue, 26 Jul 2016 04:00:15 +0000</pubDate>
			<enclosure url="magnet:?xt=urn:btih:183B327D0FC74DE8545115E20CB90BDE121E5FDF" type="application/x-bittorent" />
		</item>
		<item>
			<title>2.27-0_1.0_OLD.firm</title>
			<description>2.27-0_1.0_OLD.firm</description>
			<guid>5C86EDC67A1827991567B3C326A4182B66647D07</guid>
			<link>magnet:?xt=urn:btih:5C86EDC67A1827991567B3C326A4182B66647D07</link>
			<pubDate>Fri, 19 May 2017 16:15:37 +0000</pubDate>
			<enclosure url="magnet:?xt=urn:btih:5C86EDC67A1827991567B3C326A4182B66647D07" type="application/x-bittorent" />
		</item>
		<item>
			<title>2.28-0_1.1_OLD.firm</title>
			<description>2.28-0_1.1_OLD.firm</description>
			<guid>7C7696FF18E7D83A638B9C80F83052F763FB0FA5</guid>
			<link>magnet:?xt=urn:btih:7C7696FF18E7D83A638B9C80F83052F763FB0FA5</link>
			<pubDate>Fri, 19 May 2017 16:15:37 +0000</pubDate>
			<enclosure url="magnet:?xt=urn:btih:7C7696FF18E7D83A638B9C80F83052F763FB0FA5" type="application/x-bittorent" />
		</item>
		<item>
			<title>2.29-7_2.0_OLD.firm</title>
			<description>2.29-7_2.0_OLD.firm</description>
			<guid>9BA9245A8CC22DDF9F4CD22D7572B443EFD47B2D</guid>
			<link>magnet:?xt=urn:btih:9BA9245A8CC22DDF9F4CD22D7572B443EFD47B2D</link>
			<pubDate>Fri, 19 May 2017 16:15:38 +0000</pubDate>
			<enclosure url="magnet:?xt=urn:btih:9BA9245A8CC22DDF9F4CD22D7572B443EFD47B2D" type="application/x-bittorent" />
		</item>
		<item>
			<title>2.30-18_2.1_OLD.firm</title>
			<description>2.30-18_2.1_OLD.firm</description>
			<guid>3584E44A83FC0E9C9E1BD31E38982B2BD62B9436</guid>
			<link>magnet:?xt=urn:btih:3584E44A83FC0E9C9E1BD31E38982B2BD62B9436</link>
			<pubDate>Fri, 19 May 2017 16:15:39 +0000</pubDate>
			<enclosure url="magnet:?xt=urn:btih:3584E44A83FC0E9C9E1BD31E38982B2BD62B9436" type="application/x-bittorent" />
		</item>
		<item>
			<title>2.31-40_2.2_OLD.firm</title>
			<description>2.31-40_2.2_OLD.firm</description>
			<guid>B5148FF900E14710494965F173F16D3A05C6B072</guid>
			<link>magnet:?xt=urn:btih:B5148FF900E14710494965F173F16D3A05C6B072</link>
			<pubDate>Fri, 19 May 2017 16:15:39 +0000</pubDate>
			<enclosure url="magnet:?xt=urn:btih:B5148FF900E14710494965F173F16D3A05C6B072" type="application/x-bittorent" />
		</item>
		<item>
			<title>2.32-15_3.0_OLD.firm</title>
			<description>2.32-15_3.0_OLD.firm</description>
			<guid>43034E15AE11EB2FACCFD3148F4283BEDD2EEB88</guid>
			<link>magnet:?xt=urn:btih:43034E15AE11EB2FACCFD3148F4283BEDD2EEB88</link>
			<pubDate>Fri, 19 May 2017 16:15:40 +0000</pubDate>
			<enclosure url="magnet:?xt=urn:btih:43034E15AE11EB2FACCFD3148F4283BEDD2EEB88" type="application/x-bittorent" />
		</item>
		<item>
			<title>2.33-4_4.0_OLD.firm</title>
			<description>2.33-4_4.0_OLD.firm</description>
			<guid>A86AFA2F784335446B6B9FEEBD5EB887A3BD2067</guid>
			<link>magnet:?xt=urn:btih:A86AFA2F784335446B6B9FEEBD5EB887A3BD2067</link>
			<pubDate>Fri, 19 May 2017 16:15:40 +0000</pubDate>
			<enclosure url="magnet:?xt=urn:btih:A86AFA2F784335446B6B9FEEBD5EB887A3BD2067" type="application/x-bittorent" />
		</item>
		<item>
			<title>2.34-0_4.1_OLD.firm</title>
			<description>2.34-0_4.1_OLD.firm</description>
			<guid>5E66281B3BE1E7A26830E13357E9A3A998C12E11</guid>
			<link>magnet:?xt=urn:btih:5E66281B3BE1E7A26830E13357E9A3A998C12E11</link>
			<pubDate>Fri, 19 May 2017 16:15:41 +0000</pubDate>
			<enclosure url="magnet:?xt=urn:btih:5E66281B3BE1E7A26830E13357E9A3A998C12E11" type="application/x-bittorent" />
		</item>
		<item>
			<title>2.35-6_5.0_OLD.firm</title>
			<description>2.35-6_5.0_OLD.firm</description>
			<guid>B759E4003E5E16CBFFCF894F5EC968628EB2A304</guid>
			<link>magnet:?xt=urn:btih:B759E4003E5E16CBFFCF894F5EC968628EB2A304</link>
			<pubDate>Fri, 19 May 2017 16:15:41 +0000</pubDate>
			<enclosure url="magnet:?xt=urn:btih:B759E4003E5E16CBFFCF894F5EC968628EB2A304" type="application/x-bittorent" />
		</item>
		<item>
			<title>2.36-0_5.1_OLD.firm</title>
			<description>2.36-0_5.1_OLD.firm</description>
			<guid>7E6EC0FCB79928CFD2073196EE97755D27CBB9C8</guid>
			<link>magnet:?xt=urn:btih:7E6EC0FCB79928CFD2073196EE97755D27CBB9C8</link>
			<pubDate>Fri, 19 May 2017 16:15:42 +0000</pubDate>
			<enclosure url="magnet:?xt=urn:btih:7E6EC0FCB79928CFD2073196EE97755D27CBB9C8" type="application/x-bittorent" />
		</item>
		<item>
			<title>2.37-0_6.0_OLD.firm</title>
			<description>2.37-0_6.0_OLD.firm</description>
			<guid>2D99D3D742BDF5579817ADF6906A619CB901C7F0</guid>
			<link>magnet:?xt=urn:btih:2D99D3D742BDF5579817ADF6906A619CB901C7F0</link>
			<pubDate>Fri, 19 May 2017 16:15:42 +0000</pubDate>
			<enclosure url="magnet:?xt=urn:btih:2D99D3D742BDF5579817ADF6906A619CB901C7F0" type="application/x-bittorent" />
		</item>
		<item>
			<title>2.38-0_6.1_OLD.firm</title>
			<description>2.38-0_6.1_OLD.firm</description>
			<guid>79DFCC3C12147F30B0D32ACF47059C64CC530AB7</guid>
			<link>magnet:?xt=urn:btih:79DFCC3C12147F30B0D32ACF47059C64CC530AB7</link>
			<pubDate>Fri, 19 May 2017 16:15:43 +0000</pubDate>
			<enclosure url="magnet:?xt=urn:btih:79DFCC3C12147F30B0D32ACF47059C64CC530AB7" type="application/x-bittorent" />
		</item>
		<item>
			<title>2.39-0_7.0_OLD.firm</title>
			<description>2.39-0_7.0_OLD.firm</description>
			<guid>7E11151DE6873DE92EAE0C1052FE5B88CCDA0C07</guid>
			<link>magnet:?xt=urn:btih:7E11151DE6873DE92EAE0C1052FE5B88CCDA0C07</link>
			<pubDate>Fri, 19 May 2017 16:15:44 +0000</pubDate>
			<enclosure url="magnet:?xt=urn:btih:7E11151DE6873DE92EAE0C1052FE5B88CCDA0C07" type="application/x-bittorent" />
		</item>
		<item>
			<title>2.40-0_7.2_OLD.firm</title>
			<description>2.40-0_7.2_OLD.firm</description>
			<guid>29A648302EB6B3833858A289147C78608622695B</guid>
			<link>magnet:?xt=urn:btih:29A648302EB6B3833858A289147C78608622695B</link>
			<pubDate>Fri, 19 May 2017 16:15:44 +0000</pubDate>
			<enclosure url="magnet:?xt=urn:btih:29A648302EB6B3833858A289147C78608622695B" type="application/x-bittorent" />
		</item>
		<item>
			<title>2.44-6_8.0_OLD.firm</title>
			<description>2.44-6_8.0_OLD.firm</description>
			<guid>D07A3CC54AB50DA5A1294727E5974B681417A90D</guid>
			<link>magnet:?xt=urn:btih:D07A3CC54AB50DA5A1294727E5974B681417A90D</link>
			<pubDate>Fri, 19 May 2017 16:15:45 +0000</pubDate>
			<enclosure url="magnet:?xt=urn:btih:D07A3CC54AB50DA5A1294727E5974B681417A90D" type="application/x-bittorent" />
		</item>
		<item>
			<title>2.45-5_8.1_NEW.firm</title>
			<description>2.45-5_8.1_NEW.firm</description>
			<guid>BAB35D663D1316E037985B002BECD47F187F0F31</guid>
			<link>magnet:?xt=urn:btih:BAB35D663D1316E037985B002BECD47F187F0F31</link>
			<pubDate>Fri, 19 May 2017 16:15:45 +0000</pubDate>
			<enclosure url="magnet:?xt=urn:btih:BAB35D663D1316E037985B002BECD47F187F0F31" type="application/x-bittorent" />
		</item>
		<item>
			<title>2.46-0_9.0_NEW.firm</title>
			<description>2.46-0_9.0_NEW.firm</description>
			<guid>62089EDA709232A20C03C73064F18714E19476B6</guid>
			<link>magnet:?xt=urn:btih:62089EDA709232A20C03C73064F18714E19476B6</link>
			<pubDate>Fri, 19 May 2017 16:15:46 +0000</pubDate>
			<enclosure url="magnet:?xt=urn:btih:62089EDA709232A20C03C73064F18714E19476B6" type="application/x-bittorent" />
		</item>
		<item>
			<title>2.46-0_9.0_OLD.firm</title>
			<description>2.46-0_9.0_OLD.firm</description>
			<guid>1CDA7EFDC0B096C64BC2AFF09653FB6A94F70802</guid>
			<link>magnet:?xt=urn:btih:1CDA7EFDC0B096C64BC2AFF09653FB6A94F70802</link>
			<pubDate>Fri, 19 May 2017 16:15:46 +0000</pubDate>
			<enclosure url="magnet:?xt=urn:btih:1CDA7EFDC0B096C64BC2AFF09653FB6A94F70802" type="application/x-bittorent" />
		</item>
		<item>
			<title>2.48-3_9.3_NEW.firm</title>
			<description>2.48-3_9.3_NEW.firm</description>
			<guid>778878E336C61F079D7B146C1AFC08289A18357E</guid>
			<link>magnet:?xt=urn:btih:778878E336C61F079D7B146C1AFC08289A18357E</link>
			<pubDate>Fri, 19 May 2017 16:15:47 +0000</pubDate>
			<enclosure url="magnet:?xt=urn:btih:778878E336C61F079D7B146C1AFC08289A18357E" type="application/x-bittorent" />
		</item>
		<item>
			<title>2.48-3_9.3_OLD.firm</title>
			<description>2.48-3_9.3_OLD.firm</description>
			<guid>29AAFB4EBF327FBFB3D5EA34183124DE156920F8</guid>
			<link>magnet:?xt=urn:btih:29AAFB4EBF327FBFB3D5EA34183124DE156920F8</link>
			<pubDate>Fri, 19 May 2017 16:15:47 +0000</pubDate>
			<enclosure url="magnet:?xt=urn:btih:29AAFB4EBF327FBFB3D5EA34183124DE156920F8" type="application/x-bittorent" />
		</item>
		<item>
			<title>2.49-0_9.5_NEW.firm</title>
			<description>2.49-0_9.5_NEW.firm</description>
			<guid>626D4BE82D7CD1A0684AE56F54740DBE5061BC58</guid>
			<link>magnet:?xt=urn:btih:626D4BE82D7CD1A0684AE56F54740DBE5061BC58</link>
			<pubDate>Fri, 19 May 2017 16:15:48 +0000</pubDate>
			<enclosure url="magnet:?xt=urn:btih:626D4BE82D7CD1A0684AE56F54740DBE5061BC58" type="application/x-bittorent" />
		</item>
		<item>
			<title>2.49-0_9.5_OLD.firm</title>
			<description>2.49-0_9.5_OLD.firm</description>
			<guid>B75B9E438EE0D56108D63016B92F67E932103CFB</guid>
			<link>magnet:?xt=urn:btih:B75B9E438EE0D56108D63016B92F67E932103CFB</link>
			<pubDate>Fri, 19 May 2017 16:15:49 +0000</pubDate>
			<enclosure url="magnet:?xt=urn:btih:B75B9E438EE0D56108D63016B92F67E932103CFB" type="application/x-bittorent" />
		</item>
		<item>
			<title>2.50-11_10.4_NEW.firm</title>
			<description>2.50-11_10.4_NEW.firm</description>
			<guid>8F6522179498E3E23C811155C247C1BF58C5C430</guid>
			<link>magnet:?xt=urn:btih:8F6522179498E3E23C811155C247C1BF58C5C430</link>
			<pubDate>Fri, 19 May 2017 16:15:49 +0000</pubDate>
			<enclosure url="magnet:?xt=urn:btih:8F6522179498E3E23C811155C247C1BF58C5C430" type="application/x-bittorent" />
		</item>
		<item>
			<title>2.50-11_10.4_OLD.firm</title>
			<description>2.50-11_10.4_OLD.firm</description>
			<guid>DEB1B8AED5820D1CE202C54782F856BB382E0E45</guid>
			<link>magnet:?xt=urn:btih:DEB1B8AED5820D1CE202C54782F856BB382E0E45</link>
			<pubDate>Fri, 19 May 2017 16:15:50 +0000</pubDate>
			<enclosure url="magnet:?xt=urn:btih:DEB1B8AED5820D1CE202C54782F856BB382E0E45" type="application/x-bittorent" />
		</item>
		<item>
			<title>2.50-1_9.6_NEW.firm</title>
			<description>2.50-1_9.6_NEW.firm</description>
			<guid>D6C28DBE1217A711F2214821804668CE7E131295</guid>
			<link>magnet:?xt=urn:btih:D6C28DBE1217A711F2214821804668CE7E131295</link>
			<pubDate>Fri, 19 May 2017 16:15:50 +0000</pubDate>
			<enclosure url="magnet:?xt=urn:btih:D6C28DBE1217A711F2214821804668CE7E131295" type="application/x-bittorent" />
		</item>
		<item>
			<title>2.50-1_9.6_OLD.firm</title>
			<description>2.50-1_9.6_OLD.firm</description>
			<guid>6BFD08ED3AA62AEB05666DEFA0C639399F6CF523</guid>
			<link>magnet:?xt=urn:btih:6BFD08ED3AA62AEB05666DEFA0C639399F6CF523</link>
			<pubDate>Fri, 19 May 2017 16:15:51 +0000</pubDate>
			<enclosure url="magnet:?xt=urn:btih:6BFD08ED3AA62AEB05666DEFA0C639399F6CF523" type="application/x-bittorent" />
		</item>
		<item>
			<title>2.50-7_10.0_NEW.firm</title>
			<description>2.50-7_10.0_NEW.firm</description>
			<guid>A603569254EBD6E6AE4DE447458144BDA97281C2</guid>
			<link>magnet:?xt=urn:btih:A603569254EBD6E6AE4DE447458144BDA97281C2</link>
			<pubDate>Fri, 19 May 2017 16:15:51 +0000</pubDate>
			<enclosure url="magnet:?xt=urn:btih:A603569254EBD6E6AE4DE447458144BDA97281C2" type="application/x-bittorent" />
		</item>
		<item>
			<title>2.50-7_10.0_OLD.firm</title>
			<description>2.50-7_10.0_OLD.firm</description>
			<guid>63B5AB8F0EE881C71C059AB1EE9C1E0C10A5FF2C</guid>
			<link>magnet:?xt=urn:btih:63B5AB8F0EE881C71C059AB1EE9C1E0C10A5FF2C</link>
			<pubDate>Fri, 19 May 2017 16:15:52 +0000</pubDate>
			<enclosure url="magnet:?xt=urn:btih:63B5AB8F0EE881C71C059AB1EE9C1E0C10A5FF2C" type="application/x-bittorent" />
		</item>
		<item>
			<title>2.50-9_10.2_NEW.firm</title>
			<description>2.50-9_10.2_NEW.firm</description>
			<guid>537FAC39870D796AC163D962B4F145DA101F6AB9</guid>
			<link>magnet:?xt=urn:btih:537FAC39870D796AC163D962B4F145DA101F6AB9</link>
			<pubDate>Fri, 19 May 2017 16:15:52 +0000</pubDate>
			<enclosure url="magnet:?xt=urn:btih:537FAC39870D796AC163D962B4F145DA101F6AB9" type="application/x-bittorent" />
		</item>
		<item>
			<title>2.50-9_10.2_OLD.firm</title>
			<description>2.50-9_10.2_OLD.firm</description>
			<guid>611C7A468A61B5B085CD81F82559E284F6C477CE</guid>
			<link>magnet:?xt=urn:btih:611C7A468A61B5B085CD81F82559E284F6C477CE</link>
			<pubDate>Fri, 19 May 2017 16:15:53 +0000</pubDate>
			<enclosure url="magnet:?xt=urn:btih:611C7A468A61B5B085CD81F82559E284F6C477CE" type="application/x-bittorent" />
		</item>
		<item>
			<title>2.51-0_11.0_NEW.firm</title>
			<description>2.51-0_11.0_NEW.firm</description>
			<guid>4ECF0ED64F3EF94914542E7AD1ABA336AAE771C4</guid>
			<link>magnet:?xt=urn:btih:4ECF0ED64F3EF94914542E7AD1ABA336AAE771C4</link>
			<pubDate>Fri, 19 May 2017 16:15:54 +0000</pubDate>
			<enclosure url="magnet:?xt=urn:btih:4ECF0ED64F3EF94914542E7AD1ABA336AAE771C4" type="application/x-bittorent" />
		</item>
		<item>
			<title>2.51-0_11.0_OLD.firm</title>
			<description>2.51-0_11.0_OLD.firm</description>
			<guid>10CE0C501E9C7EF03C698C0610E5325A6F076215</guid>
			<link>magnet:?xt=urn:btih:10CE0C501E9C7EF03C698C0610E5325A6F076215</link>
			<pubDate>Fri, 19 May 2017 16:15:54 +0000</pubDate>
			<enclosure url="magnet:?xt=urn:btih:10CE0C501E9C7EF03C698C0610E5325A6F076215" type="application/x-bittorent" />
		</item>
		<item>
			<title>2.51-2_11.1_NEW.firm</title>
			<description>2.51-2_11.1_NEW.firm</description>
			<guid>307993B2B7B78502827458D6C6E78B75BEA6EB41</guid>
			<link>magnet:?xt=urn:btih:307993B2B7B78502827458D6C6E78B75BEA6EB41</link>
			<pubDate>Fri, 19 May 2017 16:15:55 +0000</pubDate>
			<enclosure url="magnet:?xt=urn:btih:307993B2B7B78502827458D6C6E78B75BEA6EB41" type="application/x-bittorent" />
		</item>
		<item>
			<title>2.51-2_11.1_OLD.firm</title>
			<description>2.51-2_11.1_OLD.firm</description>
			<guid>1D858FBFFDB9FAC8ADBEBD9C640B287284098601</guid>
			<link>magnet:?xt=urn:btih:1D858FBFFDB9FAC8ADBEBD9C640B287284098601</link>
			<pubDate>Fri, 19 May 2017 16:15:55 +0000</pubDate>
			<enclosure url="magnet:?xt=urn:btih:1D858FBFFDB9FAC8ADBEBD9C640B287284098601" type="application/x-bittorent" />
		</item>
		<item>
			<title>2.52-0_11.2_NEW.firm</title>
			<description>2.52-0_11.2_NEW.firm</description>
			<guid>337E4618D30F9A84DD172B8E91F87451653C23B6</guid>
			<link>magnet:?xt=urn:btih:337E4618D30F9A84DD172B8E91F87451653C23B6</link>
			<pubDate>Fri, 19 May 2017 16:15:56 +0000</pubDate>
			<enclosure url="magnet:?xt=urn:btih:337E4618D30F9A84DD172B8E91F87451653C23B6" type="application/x-bittorent" />
		</item>
		<item>
			<title>2.52-0_11.2_OLD.firm</title>
			<description>2.52-0_11.2_OLD.firm</description>
			<guid>6DE2E257F73F11151EBFB4BF1345BE64E47AED52</guid>
			<link>magnet:?xt=urn:btih:6DE2E257F73F11151EBFB4BF1345BE64E47AED52</link>
			<pubDate>Fri, 19 May 2017 16:15:56 +0000</pubDate>
			<enclosure url="magnet:?xt=urn:btih:6DE2E257F73F11151EBFB4BF1345BE64E47AED52" type="application/x-bittorent" />
		</item>
		<item>
			<title>2.53-0_11.3_NEW.firm</title>
			<description>2.53-0_11.3_NEW.firm</description>
			<guid>53363AB66F877D9EDF33F55E6ABC3CCF72819191</guid>
			<link>magnet:?xt=urn:btih:53363AB66F877D9EDF33F55E6ABC3CCF72819191</link>
			<pubDate>Fri, 19 May 2017 16:15:57 +0000</pubDate>
			<enclosure url="magnet:?xt=urn:btih:53363AB66F877D9EDF33F55E6ABC3CCF72819191" type="application/x-bittorent" />
		</item>
		<item>
			<title>2.53-0_11.3_OLD.firm</title>
			<description>2.53-0_11.3_OLD.firm</description>
			<guid>9D8D62C50B0EF1AD35B5E62602F21FAC773171CE</guid>
			<link>magnet:?xt=urn:btih:9D8D62C50B0EF1AD35B5E62602F21FAC773171CE</link>
			<pubDate>Fri, 19 May 2017 16:15:57 +0000</pubDate>
			<enclosure url="magnet:?xt=urn:btih:9D8D62C50B0EF1AD35B5E62602F21FAC773171CE" type="application/x-bittorent" />
		</item>
		<item>
			<title>2.54-0_11.4_NEW.firm</title>
			<description>2.54-0_11.4_NEW.firm</description>
			<guid>3B59DD43EEC3EDB133555F58D1180BFB196ACBB4</guid>
			<link>magnet:?xt=urn:btih:3B59DD43EEC3EDB133555F58D1180BFB196ACBB4</link>
			<pubDate>Fri, 19 May 2017 16:15:58 +0000</pubDate>
			<enclosure url="magnet:?xt=urn:btih:3B59DD43EEC3EDB133555F58D1180BFB196ACBB4" type="application/x-bittorent" />
		</item>
		<item>
			<title>2.54-0_11.4_OLD.firm</title>
			<description>2.54-0_11.4_OLD.firm</description>
			<guid>0DD89D42AD711F770DA899AF05EE162EDE0D0070</guid>
			<link>magnet:?xt=urn:btih:0DD89D42AD711F770DA899AF05EE162EDE0D0070</link>
			<pubDate>Fri, 19 May 2017 16:15:59 +0000</pubDate>
			<enclosure url="magnet:?xt=urn:btih:0DD89D42AD711F770DA899AF05EE162EDE0D0070" type="application/x-bittorent" />
		</item>
		<item>
			<title>3ds-private-update-server.zip</title>
			<description>3ds-private-update-server.zip</description>
			<guid>8623E580752F22940D96630EF723CE30A707B22E</guid>
			<link>magnet:?xt=urn:btih:8623E580752F22940D96630EF723CE30A707B22E</link>
			<pubDate>Tue, 26 Jul 2016 04:31:33 +0000</pubDate>
			<enclosure url="magnet:?xt=urn:btih:8623E580752F22940D96630EF723CE30A707B22E" type="application/x-bittorent" />
		</item>
		<item>
			<title>9.2.0-20E_ctrtransfer_n3ds.zip</title>
			<description>9.2.0-20E_ctrtransfer_n3ds.zip</description>
			<guid>FED7BFEEC0E52B42A77467CFB6FFD3E9DD2D5A70</guid>
			<link>magnet:?xt=urn:btih:FED7BFEEC0E52B42A77467CFB6FFD3E9DD2D5A70</link>
			<pubDate>Sat, 20 Aug 2016 17:03:24 +0000</pubDate>
			<enclosure url="magnet:?xt=urn:btih:FED7BFEEC0E52B42A77467CFB6FFD3E9DD2D5A70" type="application/x-bittorent" />
		</item>
		<item>
			<title>9.2.0-20E_ctrtransfer_o3ds.zip</title>
			<description>9.2.0-20E_ctrtransfer_o3ds.zip</description>
			<guid>8D6142313971B08F92257E7FB1C1D5689E34ED78</guid>
			<link>magnet:?xt=urn:btih:8D6142313971B08F92257E7FB1C1D5689E34ED78</link>
			<pubDate>Sat, 20 Aug 2016 17:04:23 +0000</pubDate>
			<enclosure url="magnet:?xt=urn:btih:8D6142313971B08F92257E7FB1C1D5689E34ED78" type="application/x-bittorent" />
		</item>
		<item>
			<title>9.2.0-20J_ctrtransfer_n3ds.zip</title>
			<description>9.2.0-20J_ctrtransfer_n3ds.zip</description>
			<guid>B22D67FD02B3B0E30AC991E451DB0F2D32E7BECA</guid>
			<link>magnet:?xt=urn:btih:B22D67FD02B3B0E30AC991E451DB0F2D32E7BECA</link>
			<pubDate>Sat, 20 Aug 2016 17:04:42 +0000</pubDate>
			<enclosure url="magnet:?xt=urn:btih:B22D67FD02B3B0E30AC991E451DB0F2D32E7BECA" type="application/x-bittorent" />
		</item>
		<item>
			<title>9.2.0-20J_ctrtransfer_o3ds.zip</title>
			<description>9.2.0-20J_ctrtransfer_o3ds.zip</description>
			<guid>24AD2B85E67013EF1F91178DCA7AD2E40663B9B2</guid>
			<link>magnet:?xt=urn:btih:24AD2B85E67013EF1F91178DCA7AD2E40663B9B2</link>
			<pubDate>Sat, 20 Aug 2016 17:05:16 +0000</pubDate>
			<enclosure url="magnet:?xt=urn:btih:24AD2B85E67013EF1F91178DCA7AD2E40663B9B2" type="application/x-bittorent" />
		</item>
		<item>
			<title>9.2.0-20U_ctrtransfer_n3ds.zip</title>
			<description>9.2.0-20U_ctrtransfer_n3ds.zip</description>
			<guid>985D47442DC470D1B9F908256BED041C63885F60</guid>
			<link>magnet:?xt=urn:btih:985D47442DC470D1B9F908256BED041C63885F60</link>
			<pubDate>Wed, 24 Aug 2016 19:52:00 +0000</pubDate>
			<enclosure url="magnet:?xt=urn:btih:985D47442DC470D1B9F908256BED041C63885F60" type="application/x-bittorent" />
		</item>
		<item>
			<title>9.2.0-20U_ctrtransfer_o3ds.zip</title>
			<description>9.2.0-20U_ctrtransfer_o3ds.zip</description>
			<guid>1DC79A2A0BABB45497961888F369423A93135E2B</guid>
			<link>magnet:?xt=urn:btih:1DC79A2A0BABB45497961888F369423A93135E2B</link>
			<pubDate>Sat, 20 Aug 2016 17:06:17 +0000</pubDate>
			<enclosure url="magnet:?xt=urn:btih:1DC79A2A0BABB45497961888F369423A93135E2B" type="application/x-bittorent" />
		</item>
		<item>
			<title>aeskeydb.bin</title>
			<description>aeskeydb.bin</description>
			<guid>621F8AF00638CB2B00D5BD0C6816543FA00B5FB1</guid>
			<link>magnet:?xt=urn:btih:621F8AF00638CB2B00D5BD0C6816543FA00B5FB1</link>
			<pubDate>Tue, 23 May 2017 00:38:46 +0000</pubDate>
			<enclosure url="magnet:?xt=urn:btih:621F8AF00638CB2B00D5BD0C6816543FA00B5FB1" type="application/x-bittorent" />
		</item>
		<item>
			<title>ctr-common-1.zip</title>
			<description>ctr-common-1.zip</description>
			<guid>AF6D3F8B0A9C13D63B9405DC375CC68AF614394D</guid>
			<link>magnet:?xt=urn:btih:AF6D3F8B0A9C13D63B9405DC375CC68AF614394D</link>
			<pubDate>Sat, 01 Oct 2016 21:09:55 +0000</pubDate>
			<enclosure url="magnet:?xt=urn:btih:AF6D3F8B0A9C13D63B9405DC375CC68AF614394D" type="application/x-bittorent" />
		</item>
		<item>
			<title>DS Download Play - v1024.cia</title>
			<description>DS Download Play - v1024.cia</description>
			<guid>B581D3C5D98F5E621FDDFC1CE5704BB45BF05A8C</guid>
			<link>magnet:?xt=urn:btih:B581D3C5D98F5E621FDDFC1CE5704BB45BF05A8C</link>
			<pubDate>Sat, 03 Sep 2016 17:26:31 +0000</pubDate>
			<enclosure url="magnet:?xt=urn:btih:B581D3C5D98F5E621FDDFC1CE5704BB45BF05A8C" type="application/x-bittorent" />
		</item>
		<item>
			<title>DS Internet - v2048.cia</title>
			<description>DS Internet - v2048.cia</description>
			<guid>2B9DF8496922F2546DFB0B01220068CE53C19D3D</guid>
			<link>magnet:?xt=urn:btih:2B9DF8496922F2546DFB0B01220068CE53C19D3D</link>
			<pubDate>Sat, 03 Sep 2016 17:26:35 +0000</pubDate>
			<enclosure url="magnet:?xt=urn:btih:2B9DF8496922F2546DFB0B01220068CE53C19D3D" type="application/x-bittorent" />
		</item>
		<item>
			<title>DSiWare_eur_exidiahax_injection.zip</title>
			<description>DSiWare_eur_exidiahax_injection.zip</description>
			<guid>046BB8023BC40B9A95A8A339C85A9EF18CF60DB6</guid>
			<link>magnet:?xt=urn:btih:046BB8023BC40B9A95A8A339C85A9EF18CF60DB6</link>
			<pubDate>Fri, 09 Dec 2016 11:07:52 +0000</pubDate>
			<enclosure url="magnet:?xt=urn:btih:046BB8023BC40B9A95A8A339C85A9EF18CF60DB6" type="application/x-bittorent" />
		</item>
		<item>
			<title>DSiWare_eur_grtpwn_injection.zip</title>
			<description>DSiWare_eur_grtpwn_injection.zip</description>
			<guid>E3EDB7D7384F2845E54B94098125F1FFFCA13692</guid>
			<link>magnet:?xt=urn:btih:E3EDB7D7384F2845E54B94098125F1FFFCA13692</link>
			<pubDate>Mon, 22 May 2017 11:38:31 +0000</pubDate>
			<enclosure url="magnet:?xt=urn:btih:E3EDB7D7384F2845E54B94098125F1FFFCA13692" type="application/x-bittorent" />
		</item>
		<item>
			<title>DSiWare_jpn_4swordshax_injection.zip</title>
			<description>DSiWare_jpn_4swordshax_injection.zip</description>
			<guid>1BCC90C93DA91C9876671F6218084207DEF90DB9</guid>
			<link>magnet:?xt=urn:btih:1BCC90C93DA91C9876671F6218084207DEF90DB9</link>
			<pubDate>Sun, 11 Dec 2016 02:39:28 +0000</pubDate>
			<enclosure url="magnet:?xt=urn:btih:1BCC90C93DA91C9876671F6218084207DEF90DB9" type="application/x-bittorent" />
		</item>
		<item>
			<title>DSiWare_usa_sudokuhax_injection.zip</title>
			<description>DSiWare_usa_sudokuhax_injection.zip</description>
			<guid>7ED7FEE15C900ED02B5E2CB3C8E7A0363F4D9354</guid>
			<link>magnet:?xt=urn:btih:7ED7FEE15C900ED02B5E2CB3C8E7A0363F4D9354</link>
			<pubDate>Fri, 09 Dec 2016 11:07:33 +0000</pubDate>
			<enclosure url="magnet:?xt=urn:btih:7ED7FEE15C900ED02B5E2CB3C8E7A0363F4D9354" type="application/x-bittorent" />
		</item>
		<item>
			<title>mset-0_17_6-eur-panda.cia</title>
			<description>mset-0_17_6-eur-panda.cia</description>
			<guid>55A21347ED391DFB51A0C3A2771E2E2AB2D5668B</guid>
			<link>magnet:?xt=urn:btih:55A21347ED391DFB51A0C3A2771E2E2AB2D5668B</link>
			<pubDate>Mon, 05 Dec 2016 23:32:50 +0000</pubDate>
			<enclosure url="magnet:?xt=urn:btih:55A21347ED391DFB51A0C3A2771E2E2AB2D5668B" type="application/x-bittorent" />
		</item>
		<item>
			<title>mset-0_17_6-jpn-panda.cia</title>
			<description>mset-0_17_6-jpn-panda.cia</description>
			<guid>597885912D2AB1DE69CB1938470506FA6419D068</guid>
			<link>magnet:?xt=urn:btih:597885912D2AB1DE69CB1938470506FA6419D068</link>
			<pubDate>Mon, 05 Dec 2016 23:33:14 +0000</pubDate>
			<enclosure url="magnet:?xt=urn:btih:597885912D2AB1DE69CB1938470506FA6419D068" type="application/x-bittorent" />
		</item>
		<item>
			<title>mset-0_17_6-usa-panda.cia</title>
			<description>mset-0_17_6-usa-panda.cia</description>
			<guid>ADE01F4E1BD8720ADA571C6E51E0DA1A23A0D5B3</guid>
			<link>magnet:?xt=urn:btih:ADE01F4E1BD8720ADA571C6E51E0DA1A23A0D5B3</link>
			<pubDate>Mon, 05 Dec 2016 23:33:34 +0000</pubDate>
			<enclosure url="magnet:?xt=urn:btih:ADE01F4E1BD8720ADA571C6E51E0DA1A23A0D5B3" type="application/x-bittorent" />
		</item>
		<item>
			<title>New_3DS TWL_FIRM - v9936.cia</title>
			<description>New_3DS TWL_FIRM - v9936.cia</description>
			<guid>EAB8558C97B18B1F329A2BFCC3C899B84C082A27</guid>
			<link>magnet:?xt=urn:btih:EAB8558C97B18B1F329A2BFCC3C899B84C082A27</link>
			<pubDate>Sat, 03 Sep 2016 17:26:39 +0000</pubDate>
			<enclosure url="magnet:?xt=urn:btih:EAB8558C97B18B1F329A2BFCC3C899B84C082A27" type="application/x-bittorent" />
		</item>
		<item>
			<title>Nintendo DS Cart Whitelist - v11264.cia</title>
			<description>Nintendo DS Cart Whitelist - v11264.cia</description>
			<guid>7B90D506AD032A581A00035616EAA17A68C48EFF</guid>
			<link>magnet:?xt=urn:btih:7B90D506AD032A581A00035616EAA17A68C48EFF</link>
			<pubDate>Wed, 31 Aug 2016 19:12:44 +0000</pubDate>
			<enclosure url="magnet:?xt=urn:btih:7B90D506AD032A581A00035616EAA17A68C48EFF" type="application/x-bittorent" />
		</item>
		<item>
			<title>NTR Debugger.zip</title>
			<description>NTR Debugger.zip</description>
			<guid>66274CEE542BEF7745792714673BF2BE4D606496</guid>
			<link>magnet:?xt=urn:btih:66274CEE542BEF7745792714673BF2BE4D606496</link>
			<pubDate>Tue, 26 Jul 2016 04:31:19 +0000</pubDate>
			<enclosure url="magnet:?xt=urn:btih:66274CEE542BEF7745792714673BF2BE4D606496" type="application/x-bittorent" />
		</item>
		<item>
			<title>Old_3DS TWL_FIRM - v8817.cia</title>
			<description>Old_3DS TWL_FIRM - v8817.cia</description>
			<guid>17511EADB6E6F3FF22D04F90644E37BD2D96CA43</guid>
			<link>magnet:?xt=urn:btih:17511EADB6E6F3FF22D04F90644E37BD2D96CA43</link>
			<pubDate>Sat, 03 Sep 2016 17:26:42 +0000</pubDate>
			<enclosure url="magnet:?xt=urn:btih:17511EADB6E6F3FF22D04F90644E37BD2D96CA43" type="application/x-bittorent" />
		</item>
		<item>
			<title>secret_sector.bin</title>
			<description>secret_sector.bin</description>
			<guid>15A3C97ACF17D67AF98AE8657CC66820CC58F655</guid>
			<link>magnet:?xt=urn:btih:15A3C97ACF17D67AF98AE8657CC66820CC58F655</link>
			<pubDate>Fri, 19 May 2017 04:14:02 +0000</pubDate>
			<enclosure url="magnet:?xt=urn:btih:15A3C97ACF17D67AF98AE8657CC66820CC58F655" type="application/x-bittorent" />
		</item>
		<item>
			<title>secret_sector_dev.bin</title>
			<description>secret_sector_dev.bin</description>
			<guid>54D19B7FD5387F7D46CFF86EDBBB58737880993C</guid>
			<link>magnet:?xt=urn:btih:54D19B7FD5387F7D46CFF86EDBBB58737880993C</link>
			<pubDate>Sat, 20 May 2017 02:53:56 +0000</pubDate>
			<enclosure url="magnet:?xt=urn:btih:54D19B7FD5387F7D46CFF86EDBBB58737880993C" type="application/x-bittorent" />
		</item>
		<item>
			<title>SystemUpdater_CTR-0_23_5-EU_cias.zip</title>
			<description>SystemUpdater_CTR-0_23_5-EU_cias.zip</description>
			<guid>128BB54D05C4840878C0C868CE30A9DF65F214AB</guid>
			<link>magnet:?xt=urn:btih:128BB54D05C4840878C0C868CE30A9DF65F214AB</link>
			<pubDate>Sun, 20 Nov 2016 04:12:54 +0000</pubDate>
			<enclosure url="magnet:?xt=urn:btih:128BB54D05C4840878C0C868CE30A9DF65F214AB" type="application/x-bittorent" />
		</item>
		<item>
			<title>SystemUpdater_CTR-0_23_5-US_cias.zip</title>
			<description>SystemUpdater_CTR-0_23_5-US_cias.zip</description>
			<guid>0AF36A594529D4497733A9252AD68219647AFFD3</guid>
			<link>magnet:?xt=urn:btih:0AF36A594529D4497733A9252AD68219647AFFD3</link>
			<pubDate>Sun, 20 Nov 2016 04:13:02 +0000</pubDate>
			<enclosure url="magnet:?xt=urn:btih:0AF36A594529D4497733A9252AD68219647AFFD3" type="application/x-bittorent" />
		</item>
		<item>
			<title>SystemUpdater_CTR-0_25_3-CN_cias.zip</title>
			<description>SystemUpdater_CTR-0_25_3-CN_cias.zip</description>
			<guid>4C0EDC918713D596D0CCD4E6BA4F45937A97F89A</guid>
			<link>magnet:?xt=urn:btih:4C0EDC918713D596D0CCD4E6BA4F45937A97F89A</link>
			<pubDate>Sun, 20 Nov 2016 04:13:20 +0000</pubDate>
			<enclosure url="magnet:?xt=urn:btih:4C0EDC918713D596D0CCD4E6BA4F45937A97F89A" type="application/x-bittorent" />
		</item>
		<item>
			<title>SystemUpdater_CTR-0_25_3-EU_cias.zip</title>
			<description>SystemUpdater_CTR-0_25_3-EU_cias.zip</description>
			<guid>67C40A7BF19B01A93A595EEBEB9DC684D2B625E4</guid>
			<link>magnet:?xt=urn:btih:67C40A7BF19B01A93A595EEBEB9DC684D2B625E4</link>
			<pubDate>Sun, 20 Nov 2016 04:13:36 +0000</pubDate>
			<enclosure url="magnet:?xt=urn:btih:67C40A7BF19B01A93A595EEBEB9DC684D2B625E4" type="application/x-bittorent" />
		</item>
		<item>
			<title>SystemUpdater_CTR-0_25_3-JP_cias.zip</title>
			<description>SystemUpdater_CTR-0_25_3-JP_cias.zip</description>
			<guid>E9D2EE50BEF53E0E9C7F1BFEED49475A3D14D426</guid>
			<link>magnet:?xt=urn:btih:E9D2EE50BEF53E0E9C7F1BFEED49475A3D14D426</link>
			<pubDate>Sun, 20 Nov 2016 04:13:46 +0000</pubDate>
			<enclosure url="magnet:?xt=urn:btih:E9D2EE50BEF53E0E9C7F1BFEED49475A3D14D426" type="application/x-bittorent" />
		</item>
		<item>
			<title>SystemUpdater_CTR-0_25_3-KR_cias.zip</title>
			<description>SystemUpdater_CTR-0_25_3-KR_cias.zip</description>
			<guid>7202AFC7A6EF30F7536FDDABF9DD867553F1BE2E</guid>
			<link>magnet:?xt=urn:btih:7202AFC7A6EF30F7536FDDABF9DD867553F1BE2E</link>
			<pubDate>Sun, 20 Nov 2016 04:13:58 +0000</pubDate>
			<enclosure url="magnet:?xt=urn:btih:7202AFC7A6EF30F7536FDDABF9DD867553F1BE2E" type="application/x-bittorent" />
		</item>
		<item>
			<title>SystemUpdater_CTR-0_25_3-TW_cias.zip</title>
			<description>SystemUpdater_CTR-0_25_3-TW_cias.zip</description>
			<guid>AA27D8E2F17EB0E20A9084260F5845C2D9C115DC</guid>
			<link>magnet:?xt=urn:btih:AA27D8E2F17EB0E20A9084260F5845C2D9C115DC</link>
			<pubDate>Sun, 20 Nov 2016 04:14:05 +0000</pubDate>
			<enclosure url="magnet:?xt=urn:btih:AA27D8E2F17EB0E20A9084260F5845C2D9C115DC" type="application/x-bittorent" />
		</item>
		<item>
			<title>SystemUpdater_CTR-0_25_3-US_cias.zip</title>
			<description>SystemUpdater_CTR-0_25_3-US_cias.zip</description>
			<guid>A0239F152985F2F9FF514587CC1E76397283F956</guid>
			<link>magnet:?xt=urn:btih:A0239F152985F2F9FF514587CC1E76397283F956</link>
			<pubDate>Sun, 20 Nov 2016 04:14:08 +0000</pubDate>
			<enclosure url="magnet:?xt=urn:btih:A0239F152985F2F9FF514587CC1E76397283F956" type="application/x-bittorent" />
		</item>
		<item>
			<title>SystemUpdater_SNAKE-0_23_5-EU_cias.zip</title>
			<description>SystemUpdater_SNAKE-0_23_5-EU_cias.zip</description>
			<guid>753B24D1C18C749997A455731C4138BC0DB25835</guid>
			<link>magnet:?xt=urn:btih:753B24D1C18C749997A455731C4138BC0DB25835</link>
			<pubDate>Sun, 20 Nov 2016 04:14:12 +0000</pubDate>
			<enclosure url="magnet:?xt=urn:btih:753B24D1C18C749997A455731C4138BC0DB25835" type="application/x-bittorent" />
		</item>
		<item>
			<title>SystemUpdater_SNAKE-0_23_5-JP_cias.zip</title>
			<description>SystemUpdater_SNAKE-0_23_5-JP_cias.zip</description>
			<guid>0BE6B3C2522E03739C5B1095D82E1B7B6AEF38CD</guid>
			<link>magnet:?xt=urn:btih:0BE6B3C2522E03739C5B1095D82E1B7B6AEF38CD</link>
			<pubDate>Sun, 20 Nov 2016 04:14:15 +0000</pubDate>
			<enclosure url="magnet:?xt=urn:btih:0BE6B3C2522E03739C5B1095D82E1B7B6AEF38CD" type="application/x-bittorent" />
		</item>
		<item>
			<title>SystemUpdater_SNAKE-0_23_5-US_cias.zip</title>
			<description>SystemUpdater_SNAKE-0_23_5-US_cias.zip</description>
			<guid>F985478FE28EB58B712D215A6B83D9574BE85D3D</guid>
			<link>magnet:?xt=urn:btih:F985478FE28EB58B712D215A6B83D9574BE85D3D</link>
			<pubDate>Sun, 20 Nov 2016 04:14:18 +0000</pubDate>
			<enclosure url="magnet:?xt=urn:btih:F985478FE28EB58B712D215A6B83D9574BE85D3D" type="application/x-bittorent" />
		</item>
		<item>
			<title>SystemUpdater_SNAKE-0_25_3-EU_cias.zip</title>
			<description>SystemUpdater_SNAKE-0_25_3-EU_cias.zip</description>
			<guid>1342B804D9340D49917FE6A35290F0B1B79B6C32</guid>
			<link>magnet:?xt=urn:btih:1342B804D9340D49917FE6A35290F0B1B79B6C32</link>
			<pubDate>Sun, 20 Nov 2016 04:14:24 +0000</pubDate>
			<enclosure url="magnet:?xt=urn:btih:1342B804D9340D49917FE6A35290F0B1B79B6C32" type="application/x-bittorent" />
		</item>
		<item>
			<title>SystemUpdater_SNAKE-0_25_3-JP_cias.zip</title>
			<description>SystemUpdater_SNAKE-0_25_3-JP_cias.zip</description>
			<guid>B0376718BD7C83244DD4BF440E3B1E4E2513637A</guid>
			<link>magnet:?xt=urn:btih:B0376718BD7C83244DD4BF440E3B1E4E2513637A</link>
			<pubDate>Sun, 20 Nov 2016 04:14:33 +0000</pubDate>
			<enclosure url="magnet:?xt=urn:btih:B0376718BD7C83244DD4BF440E3B1E4E2513637A" type="application/x-bittorent" />
		</item>
		<item>
			<title>SystemUpdater_SNAKE-0_25_3-KR_cias.zip</title>
			<description>SystemUpdater_SNAKE-0_25_3-KR_cias.zip</description>
			<guid>63DA48EB7DEA5713C0E3D094CA18D869879FFF6B</guid>
			<link>magnet:?xt=urn:btih:63DA48EB7DEA5713C0E3D094CA18D869879FFF6B</link>
			<pubDate>Sun, 20 Nov 2016 04:14:37 +0000</pubDate>
			<enclosure url="magnet:?xt=urn:btih:63DA48EB7DEA5713C0E3D094CA18D869879FFF6B" type="application/x-bittorent" />
		</item>
		<item>
			<title>SystemUpdater_SNAKE-0_25_3-US_cias.zip</title>
			<description>SystemUpdater_SNAKE-0_25_3-US_cias.zip</description>
			<guid>D3C4B0083F5E4F093FF3F96E8B396F6ED968FCD6</guid>
			<link>magnet:?xt=urn:btih:D3C4B0083F5E4F093FF3F96E8B396F6ED968FCD6</link>
			<pubDate>Sun, 20 Nov 2016 04:14:40 +0000</pubDate>
			<enclosure url="magnet:?xt=urn:btih:D3C4B0083F5E4F093FF3F96E8B396F6ED968FCD6" type="application/x-bittorent" />
		</item>
		<item>
			<title>TWL Version Data - v0.cia</title>
			<description>TWL Version Data - v0.cia</description>
			<guid>4A106681407FEDE5DE95CC8BDA635432481F6B5D</guid>
			<link>magnet:?xt=urn:btih:4A106681407FEDE5DE95CC8BDA635432481F6B5D</link>
			<pubDate>Sat, 03 Sep 2016 17:26:44 +0000</pubDate>
			<enclosure url="magnet:?xt=urn:btih:4A106681407FEDE5DE95CC8BDA635432481F6B5D" type="application/x-bittorent" />
		</item>
		<item>
			<title>update.php</title>
			<description>update.php</description>
			<guid>CD7E59EA9744115913B561DBDE15F8D68E713507</guid>
			<link>magnet:?xt=urn:btih:CD7E59EA9744115913B561DBDE15F8D68E713507</link>
			<pubDate>Tue, 26 Jul 2016 04:54:21 +0000</pubDate>
			<enclosure url="magnet:?xt=urn:btih:CD7E59EA9744115913B561DBDE15F8D68E713507" type="application/x-bittorent" />
		</item>
	</channel>
</rss>